<?xml version="1.0" encoding="UTF-8"?>
<root>
  <item name="com.google.firebase.abt.component.AbtComponent com.google.firebase.abt.FirebaseABTesting createAbtInstance(java.lang.String) 0">
    <annotation name="androidx.annotation.StringDef">
      <val name="value" val="{com.google.firebase.abt.FirebaseABTesting.OriginService.REMOTE_CONFIG, com.google.firebase.abt.FirebaseABTesting.OriginService.INAPP_MESSAGING}" />
    </annotation>
  </item>
  <item name="com.google.firebase.abt.component.AbtComponent com.google.firebase.abt.FirebaseABTesting get(java.lang.String) 0">
    <annotation name="androidx.annotation.StringDef">
      <val name="value" val="{com.google.firebase.abt.FirebaseABTesting.OriginService.REMOTE_CONFIG, com.google.firebase.abt.FirebaseABTesting.OriginService.INAPP_MESSAGING}" />
    </annotation>
  </item>
</root>

